relative_path,status,docs_exists,backup_exists,docs_size,backup_size,issue_description
Network\LoRa_Wio_Series\Wio-E5\LoRa_E5_mini.md,仅存在于backup,False,True,文件不存在,38469,docs文件夹中缺少此文件
Network\LoRa_Wio_Series\Wio_SX1262\Wio_SX1262_with_XIAO_ESP32S3_Kit\Single_Channel_LoRaWAN_Gateway.md,仅存在于backup,False,True,文件不存在,15166,docs文件夹中缺少此文件
Network\Meshtastic_Network\T1000-E\t1000_e_intro.md,仅存在于backup,False,True,文件不存在,4325,docs文件夹中缺少此文件
Network\Meshtastic_Network\Wio Tracker L1\wio_tracker_node.md,仅存在于backup,False,True,文件不存在,6864,docs文件夹中缺少此文件
Network\Meshtastic_Network\wio_tracker_kit\flash_meshtastic_kit.md,仅存在于backup,False,True,文件不存在,6175,docs文件夹中缺少此文件
Network\Meshtastic_Network\wio_tracker_kit\meshtastic_kit_wio_tracker_1110.md,仅存在于backup,False,True,文件不存在,13083,docs文件夹中缺少此文件
Network\RK_Devices\LinkStar\Linkstar_Intro.md,仅存在于backup,False,True,文件不存在,7124,docs文件夹中缺少此文件
Network\SenseCAP_K1100\Contributors_Project\K1111-Quick-Start-Guide.md,仅存在于backup,False,True,文件不存在,21836,docs文件夹中缺少此文件
Network\SenseCAP_K1100\LoRaWAN-Network_Application\Sensors_Basic_Usage_with_Arduino\K1100-Light-Sensor-Grove-LoRa-E5.md,仅存在于backup,False,True,文件不存在,19525,docs文件夹中缺少此文件
Network\SenseCAP_Network\SenseCAPMX_Hotspot\Helium_Gateway\SenseCAP_M1\Troubleshooting.md,仅存在于backup,False,True,文件不存在,30223,docs文件夹中缺少此文件
Seeed_Elderly\LinkIt\Linklt ONE\LinkIt_ONE_Tutorial-Get_temperature_with_Webpage.md,仅存在于backup,False,True,文件不存在,4349,docs文件夹中缺少此文件
Seeed_Elderly\LinkIt\Linklt ONE\LinkIt_ONE_Tutorial-Light-Sensor.md,仅存在于backup,False,True,文件不存在,4142,docs文件夹中缺少此文件
Seeed_Elderly\Xadow\Xadow_3_Aixs_Accelerometer.md,仅存在于backup,False,True,文件不存在,5993,docs文件夹中缺少此文件
Sensor\Arch\Arch_GPRS_V2.md,仅存在于backup,False,True,文件不存在,9032,docs文件夹中缺少此文件
Sensor\Grove\Grove_Accessories\Actuator\Grove-Servo.md,仅存在于backup,False,True,文件不存在,12968,docs文件夹中缺少此文件
Sensor\Grove\Grove_Accessories\Input_Output\Grove-NOT.md,仅存在于backup,False,True,文件不存在,3308,docs文件夹中缺少此文件
Sensor\Grove\Grove_Accessories\Input_Output\Grove-NunChuck.md,仅存在于backup,False,True,文件不存在,1966,docs文件夹中缺少此文件
Sensor\Grove\Grove_Sensors\AI-powered\Grove-vision-ai-v2\Grove-vision-ai-v2-camera-supported.md,仅存在于backup,False,True,文件不存在,4391,docs文件夹中缺少此文件
Sensor\Grove\Grove_Sensors\AI-powered\Grove-vision-ai-v2\Grove-vision-ai-v2-software-supported.md,仅存在于backup,False,True,文件不存在,27136,docs文件夹中缺少此文件
Sensor\Grove\Grove_Sensors\AI-powered\Grove-vision-ai-v2\Grove-vision-ai-v2.md,仅存在于backup,False,True,文件不存在,12027,docs文件夹中缺少此文件
Sensor\Grove\Grove_Sensors\AI-powered\Grove-vision-ai-v2\Grove_vision_ai_v2_RS485.md,仅存在于backup,False,True,文件不存在,13730,docs文件夹中缺少此文件
Sensor\Grove\Grove_Sensors\AI-powered\Grove-vision-ai-v2\grove_vision_ai_v2_sscma.md,仅存在于backup,False,True,文件不存在,40439,docs文件夹中缺少此文件
Sensor\Grove\Grove_Sensors\AI-powered\Train-Deploy-AI-Model-Grove-Vision-AI.md,仅存在于backup,False,True,文件不存在,31509,docs文件夹中缺少此文件
Sensor\Grove\Grove_Sensors\Accelerometer\Grove-IMU_9DOF-lcm20600+AK09918.md,仅存在于backup,False,True,文件不存在,23381,docs文件夹中缺少此文件
Sensor\Grove\Grove_Sensors\Biometric\Grove-Fingerprint_Sensor.md,仅存在于backup,False,True,文件不存在,9196,docs文件夹中缺少此文件
Sensor\Grove\Grove_Sensors\Biometric\Grove-Human_Presence_Sensor-AK9753.md,仅存在于backup,False,True,文件不存在,16296,docs文件夹中缺少此文件
google688724544eeae2f8.html,仅存在于backup,False,True,文件不存在,53,docs文件夹中缺少此文件
ja\Edge\NVIDIA_Jetson\reComputer_Jetson_Series\reComputer_Industrial\ja_reComputer_Industrial_Getting_Started.md,需要注意,True,True,0,40220,docs中是空文档，但backup中有内容
ja\Edge\NVIDIA_Jetson\reComputer_Jetson_Series\reComputer_J10\reComputer_J1010\ja_J1010_Boot_From_SD_Card.md,需要注意,True,True,0,6273,docs中是空文档，但backup中有内容
ja\Network\Meshtastic_Network\wio_tracker_kit\ja_meshtastic_kit_wio_tracker_1110.md,仅存在于backup,False,True,文件不存在,14874,docs文件夹中缺少此文件
ja\Seeed_Elderly\Xadow\ja_Xadow_Metal_Frame.md,仅存在于backup,False,True,文件不存在,3582,docs文件夹中缺少此文件
ja\Seeed_Elderly\Xadow\ja_Xadow_NFC_v2.md,仅存在于backup,False,True,文件不存在,5864,docs文件夹中缺少此文件
ja\Seeed_Elderly\Xadow\ja_Xadow_Q_Touch_Sensor.md,仅存在于backup,False,True,文件不存在,4810,docs文件夹中缺少此文件
ja\Seeed_Elderly\Xadow\ja_Xadow_Storage.md,仅存在于backup,False,True,文件不存在,8446,docs文件夹中缺少此文件
ja\Seeed_Elderly\Xadow\ja_Xadow_Tutorial_Shaking_Shaking.md,仅存在于backup,False,True,文件不存在,3173,docs文件夹中缺少此文件
ja\Seeed_Elderly\Xadow\ja_Xadow_Vibrator_Motor.md,仅存在于backup,False,True,文件不存在,4409,docs文件夹中缺少此文件
ja\Sensor\Arch\ja_Arch_GPRS.md,仅存在于backup,False,True,文件不存在,13900,docs文件夹中缺少此文件
ja\Sensor\Arch\ja_Grove-Starter_Kit_for_mbed.md,仅存在于backup,False,True,文件不存在,8213,docs文件夹中缺少此文件
ja\Sensor\Azure Sphere MT3620\ja_Azure_Sphere_MT3620_Development_Kit.md,仅存在于backup,False,True,文件不存在,29769,docs文件夹中缺少此文件
ja\Sensor\Azure Sphere MT3620\ja_MT3620_Grove_Breakout.md,仅存在于backup,False,True,文件不存在,21132,docs文件夹中缺少此文件
ja\Sensor\Beyond_Grove\Accessories\Case\ja_Bracket_for_Infrared_Proximity_Sensor.md,仅存在于backup,False,True,文件不存在,3468,docs文件夹中缺少此文件
ja\Sensor\Beyond_Grove\Accessories\Charge\ja_0.5w_Solar_Panel_55x70.md,仅存在于backup,False,True,文件不存在,3225,docs文件夹中缺少此文件
ja\Sensor\Beyond_Grove\Accessories\Tools\ja_DSO_Nano-Development.md,仅存在于backup,False,True,文件不存在,2746,docs文件夹中缺少此文件
ja\Sensor\Grove\Grove_Accessories\Actuator\ja_Grove-Voltage_Divider.md,仅存在于backup,False,True,文件不存在,8583,docs文件夹中缺少此文件
ja\Sensor\Grove\Grove_Accessories\LED\ja_Grove-LED_Bar.md,仅存在于backup,False,True,文件不存在,22728,docs文件夹中缺少此文件
ja\Sensor\Wio_Terminal\ArduPy\ja_ArduPy.md,仅存在于backup,False,True,文件不存在,20814,docs文件夹中缺少此文件
ja\Top_Brand\Arduino\Kit with Courses\ja_Grove_Starter_kit_for_Arduino_101.md,仅存在于backup,False,True,文件不存在,8817,docs文件夹中缺少此文件
ja\Top_Brand\Arduino\Kit with Courses\ja_Intel_Edison_and_Grove_IoT_Starter_Kit_Powered_by_AWS.md,仅存在于backup,False,True,文件不存在,24047,docs文件夹中缺少此文件
ja\Top_Brand\Arduino\Tutorials\Arduino_Basic_Usage\ja_A_Comparison_of_Different_Grove_Temperature_Sensors.md,仅存在于backup,False,True,文件不存在,10615,docs文件夹中缺少此文件
ja\Top_Brand\Arduino\shield\ja_Small_e-Paper_Shield.md,仅存在于backup,False,True,文件不存在,17151,docs文件夹中缺少此文件
ja\Top_Brand\Arduino\shield\ja_Wifi_Shield_V1.2.md,仅存在于backup,False,True,文件不存在,63010,docs文件夹中缺少此文件
wiki_update.json,仅存在于backup,False,True,文件不存在,2469,docs文件夹中缺少此文件
zh-CN\Edge\NVIDIA_Jetson\reComputer_Jetson_Series\reComputer_Super\cn_reComputer_Super_Getting_Started.md,仅存在于backup,False,True,文件不存在,9159,docs文件夹中缺少此文件
zh-CN\Sensor\SenseCAP\SenseCAP_LoRaWAN_Sensor\SenseCAP_A1101\cn_Train-Deploy-AI-Model-A1101.md,仅存在于backup,False,True,文件不存在,33007,docs文件夹中缺少此文件
zh-CN\Sensor\SenseCAP\SenseCAP_LoRaWAN_Sensor\SenseCAP_A1101\cn_Train-Water-Meter-Digits-Recognition-Model-with-SenseCAP-A1101.md,仅存在于backup,False,True,文件不存在,18050,docs文件夹中缺少此文件
zh-CN\Sensor\SenseCAP\SenseCAP_LoRaWAN_Sensor\SenseCAP_A1102\cn_Getting_Start_With_A1102.md,仅存在于backup,False,True,文件不存在,9428,docs文件夹中缺少此文件
zh-CN\Sensor\SenseCAP\SenseCAP_LoRaWAN_Sensor\SenseCAP_A1102\cn_TrainAI_With_A1102.md,仅存在于backup,False,True,文件不存在,7260,docs文件夹中缺少此文件
zh-CN\Sensor\SenseCAP\SenseCAP_LoRaWAN_Sensor\SenseCAP_S210X_Series\cn_SenseCAP_LoRaWAN_S210X_Series_Sensor.md,仅存在于backup,False,True,文件不存在,3182,docs文件夹中缺少此文件
zh-CN\Sensor\SenseCAP\SenseCAP_LoRaWAN_Sensor\SenseCAP_S210X_Series\cn_SenseCAP_S2107.md,仅存在于backup,False,True,文件不存在,5393,docs文件夹中缺少此文件
zh-CN\Sensor\SenseCAP\SenseCAP_LoRaWAN_Sensor\SenseCAP_S210X_Series\tutorial\cn_Connect-S210X-Sensor-to-Microsoft-Azure-IoT-Central.md,仅存在于backup,False,True,文件不存在,13450,docs文件夹中缺少此文件
zh-CN\Sensor\SenseCAP\SenseCAP_LoRaWAN_Sensor\SenseCAP_S210X_Series\tutorial\cn_How-to-Connect-SenseCAP-S210X-to-Helium-Network.md,仅存在于backup,False,True,文件不存在,6804,docs文件夹中缺少此文件
zh-CN\Sensor\SenseCAP\SenseCAP_LoRaWAN_Sensor\SenseCAP_S210X_Series\tutorial\cn_How-to-Connect-SenseCAP-S210X-to-The-Things-Network.md,仅存在于backup,False,True,文件不存在,6413,docs文件夹中缺少此文件
zh-CN\Sensor\SenseCAP\SenseCAP_LoRaWAN_Sensor\SenseCAP_S2120_8-in-1_LoRaWAN_Weather_Sensor\cn_SenseCAP_S2120_8-in-1_LoRaWAN_Weather_Sensor_Introduction.md,仅存在于backup,False,True,文件不存在,4504,docs文件夹中缺少此文件
zh-CN\Sensor\SenseCAP\SenseCAP_LoRaWAN_Sensor\SenseCAP_S2120_8-in-1_LoRaWAN_Weather_Sensor\cn_Tutorials-Getting_Started_with_SenseCAP_S2120_8-in-1_LoRaWAN_Weather_Sensor.md,仅存在于backup,False,True,文件不存在,24651,docs文件夹中缺少此文件
zh-CN\Sensor\SenseCAP\SenseCAP_ONE_Weather_Station\SenseCAP_ONE_Compact_Weather_Station\cn_Introduction.md,仅存在于backup,False,True,文件不存在,4045,docs文件夹中缺少此文件
zh-CN\Sensor\SenseCAP\SenseCAP_ONE_Weather_Station\SenseCAP_ONE_Compact_Weather_Station\cn_Tutorials-Getting Started with SenseCAP ONE Compact Weather Sensor.md,仅存在于backup,False,True,文件不存在,22294,docs文件夹中缺少此文件
zh-CN\Sensor\SenseCAP\SenseCAP_ONE_Weather_Station\cn_ONE_intro.md,仅存在于backup,False,True,文件不存在,3980,docs文件夹中缺少此文件
zh-CN\Sensor\SenseCAP\SenseCAP_ONE_Weather_Station\cn_ORCH-S4-Weather-Station.md,仅存在于backup,False,True,文件不存在,10410,docs文件夹中缺少此文件
zh-CN\Sensor\SenseCAP\SenseCAP_ONE_Weather_Station\cn_SenseCAP-One-Series-Meteorological-Sensors.md,仅存在于backup,False,True,文件不存在,12554,docs文件夹中缺少此文件
zh-CN\Sensor\SenseCAP\SenseCAP_Probe\cn_Industrial-ph-Sensor.md,仅存在于backup,False,True,文件不存在,6365,docs文件夹中缺少此文件
zh-CN\Sensor\SenseCAP\SenseCAP_Probe\cn_Liquid-Level-Sensor.md,仅存在于backup,False,True,文件不存在,6614,docs文件夹中缺少此文件
zh-CN\Sensor\SenseCAP\SenseCAP_Probe\cn_Probe_intro.md,仅存在于backup,False,True,文件不存在,4921,docs文件夹中缺少此文件
zh-CN\Sensor\SenseCAP\SenseCAP_Probe\cn_RS485_500cm_Ultrasonic_Sensor.md,仅存在于backup,False,True,文件不存在,11768,docs文件夹中缺少此文件
zh-CN\Sensor\SenseCAP\SenseCAP_Probe\cn_RS485_750cm_Ultrasonic_Sensor-1.md,仅存在于backup,False,True,文件不存在,11632,docs文件夹中缺少此文件
zh-CN\Sensor\SenseCAP\SenseCAP_Probe\cn_RS485_Air_Temperature_Humidity_and_Barometric_Pressure_Sensor(S-THP-01A).md,仅存在于backup,False,True,文件不存在,11552,docs文件夹中缺少此文件
zh-CN\Sensor\SenseCAP\SenseCAP_Probe\cn_SenseCAP_Sensor_Probes_Product_Catalogue.md,仅存在于backup,False,True,文件不存在,18209,docs文件夹中缺少此文件
zh-CN\Sensor\SenseCAP\SenseCAP_Probe\cn_Soil-Moisture-Temperature-EC-Sensor.md,仅存在于backup,False,True,文件不存在,7178,docs文件夹中缺少此文件
zh-CN\Sensor\SenseCAP\SenseCAP_Probe\cn_Soil-Moisture-Temperature-Sensor.md,仅存在于backup,False,True,文件不存在,6654,docs文件夹中缺少此文件
zh-CN\Sensor\SenseCAP\SenseCAP_Probe\cn_Total_Solar_Radiation_Sensor.md,仅存在于backup,False,True,文件不存在,9859,docs文件夹中缺少此文件
zh-CN\Sensor\SenseCAP\SenseCAP_Probe\cn_Water-Leak-Detector.md,仅存在于backup,False,True,文件不存在,3691,docs文件夹中缺少此文件
zh-CN\Sensor\SenseCAP\SenseCAP_T1000_Tracker\Integrated_with_LoRaWAN_Network_Server\cn_AWS_Service.md,仅存在于backup,False,True,文件不存在,12904,docs文件夹中缺少此文件
zh-CN\Sensor\SenseCAP\SenseCAP_T1000_Tracker\Integrated_with_LoRaWAN_Network_Server\cn_Connect_to_Helium.md,仅存在于backup,False,True,文件不存在,43463,docs文件夹中缺少此文件
zh-CN\Sensor\SenseCAP\SenseCAP_T1000_Tracker\Integrated_with_LoRaWAN_Network_Server\cn_Connect_to_Loriot.md,仅存在于backup,False,True,文件不存在,5792,docs文件夹中缺少此文件
zh-CN\Sensor\SenseCAP\SenseCAP_T1000_Tracker\Integrated_with_LoRaWAN_Network_Server\cn_Connect_to_The_Things_Network.md,仅存在于backup,False,True,文件不存在,3894,docs文件夹中缺少此文件
zh-CN\Sensor\SenseCAP\SenseCAP_T1000_Tracker\Integrated_with_LoRaWAN_Network_Server\cn_TTN_Mapper.md,仅存在于backup,False,True,文件不存在,39484,docs文件夹中缺少此文件
zh-CN\Sensor\SenseCAP\SenseCAP_T1000_Tracker\Integrated_with_Popular_Dashboard\cn_Akenza_Integrated.md,仅存在于backup,False,True,文件不存在,9414,docs文件夹中缺少此文件
zh-CN\Sensor\SenseCAP\SenseCAP_T1000_Tracker\Integrated_with_Popular_Dashboard\cn_Datacake_Integrated.md,仅存在于backup,False,True,文件不存在,3849,docs文件夹中缺少此文件
zh-CN\Sensor\SenseCAP\SenseCAP_T1000_Tracker\Integrated_with_Popular_Dashboard\cn_InfluxDB_Integrated.md,仅存在于backup,False,True,文件不存在,7919,docs文件夹中缺少此文件
zh-CN\Sensor\SenseCAP\SenseCAP_T1000_Tracker\Integrated_with_Popular_Dashboard\cn_Qubitro_Integrated.md,仅存在于backup,False,True,文件不存在,6020,docs文件夹中缺少此文件
zh-CN\Sensor\SenseCAP\SenseCAP_T1000_Tracker\Integrated_with_Popular_Dashboard\cn_TagoIO_Integrated.md,仅存在于backup,False,True,文件不存在,4308,docs文件夹中缺少此文件
zh-CN\Sensor\SenseCAP\SenseCAP_T1000_Tracker\Integrated_with_Popular_Dashboard\cn_Trackpac_Integrated.md,仅存在于backup,False,True,文件不存在,4933,docs文件夹中缺少此文件
zh-CN\Sensor\SenseCAP\SenseCAP_T1000_Tracker\Integrated_with_Popular_Dashboard\cn_Ubidots_Integrated(Helium).md,仅存在于backup,False,True,文件不存在,7785,docs文件夹中缺少此文件
zh-CN\Sensor\SenseCAP\SenseCAP_T1000_Tracker\Integrated_with_Popular_Dashboard\cn_Ubidots_Integrated.md,仅存在于backup,False,True,文件不存在,6916,docs文件夹中缺少此文件
zh-CN\Sensor\SenseCAP\SenseCAP_T1000_Tracker\Integrated_with_Popular_Dashboard\cn_sensecap_t1000_tracker_wialon.md,仅存在于backup,False,True,文件不存在,3693,docs文件夹中缺少此文件
zh-CN\Sensor\SenseCAP\SenseCAP_T1000_Tracker\Integrated_with_Popular_Dashboard\cn_thingsboard_integrated.md,仅存在于backup,False,True,文件不存在,6339,docs文件夹中缺少此文件
zh-CN\Sensor\SenseCAP\SenseCAP_T1000_Tracker\User_Guide\cn_E5_Bluetooth_Location_Beacon.md,仅存在于backup,False,True,文件不存在,8390,docs文件夹中缺少此文件
zh-CN\Sensor\SenseCAP\SenseCAP_T1000_Tracker\User_Guide\cn_Get_Started.md,仅存在于backup,False,True,文件不存在,24240,docs文件夹中缺少此文件
zh-CN\Sensor\SenseCAP\SenseCAP_T1000_Tracker\User_Guide\cn_Indoor_Positioning_Guide.md,仅存在于backup,False,True,文件不存在,13734,docs文件夹中缺少此文件
zh-CN\Sensor\SenseCAP\SenseCAP_T1000_Tracker\User_Guide\cn_Payload.md,仅存在于backup,False,True,文件不存在,34288,docs文件夹中缺少此文件
zh-CN\Sensor\SenseCAP\SenseCAP_T1000_Tracker\User_Guide\cn_Tracker_WiFi_Geolocation.md,仅存在于backup,False,True,文件不存在,7805,docs文件夹中缺少此文件
zh-CN\Sensor\SenseCAP\SenseCAP_T1000_Tracker\cn_FAQ.md,仅存在于backup,False,True,文件不存在,8563,docs文件夹中缺少此文件
zh-CN\Sensor\SenseCAP\SenseCAP_T1000_Tracker\cn_Firmware_release_note.md,仅存在于backup,False,True,文件不存在,1229,docs文件夹中缺少此文件
zh-CN\Sensor\SenseCAP\SenseCAP_T1000_Tracker\cn_Lambda_code.md,仅存在于backup,False,True,文件不存在,45469,docs文件夹中缺少此文件
zh-CN\Sensor\SenseCAP\SenseCAP_T1000_Tracker\cn_SenseCAP_T1000_Tracker_Introduction.md,仅存在于backup,False,True,文件不存在,8290,docs文件夹中缺少此文件
zh-CN\Sensor\SenseCAP\SenseCAP_T1000_Tracker\cn_SenseCAP_T1000_intro.md,仅存在于backup,False,True,文件不存在,4078,docs文件夹中缺少此文件
zh-CN\Sensor\SenseCAP\SenseCAP_Watcher\Applications\cn_use_case.md,仅存在于backup,False,True,文件不存在,11346,docs文件夹中缺少此文件
zh-CN\Sensor\SenseCAP\SenseCAP_Watcher\Applications\development\cn_watcher_train_model.md,仅存在于backup,False,True,文件不存在,7670,docs文件夹中缺少此文件
zh-CN\Sensor\SenseCAP\SenseCAP_Watcher\Firmware_architecture_Overview\cn_watcher_architecture.md,仅存在于backup,False,True,文件不存在,33455,docs文件夹中缺少此文件
zh-CN\Sensor\SenseCAP\SenseCAP_Watcher\Firmware_architecture_Overview\cn_watcher_function_module_dev_guide.md,仅存在于backup,False,True,文件不存在,25061,docs文件夹中缺少此文件
zh-CN\Sensor\SenseCAP\SenseCAP_Watcher\Firmware_architecture_Overview\cn_watcher_idf_installation.md,仅存在于backup,False,True,文件不存在,4307,docs文件夹中缺少此文件
zh-CN\Sensor\SenseCAP\SenseCAP_Watcher\Firmware_architecture_Overview\cn_watcher_ui_intergration_guide.md,仅存在于backup,False,True,文件不存在,18867,docs文件夹中缺少此文件
zh-CN\Sensor\SenseCAP\SenseCAP_Watcher\Notifications\Http_Proxy_Application\node_red_integration\cn_watcher_node_red.md,仅存在于backup,False,True,文件不存在,14596,docs文件夹中缺少此文件
zh-CN\Sensor\SenseCAP\SenseCAP_Watcher\Notifications\Http_Proxy_Application\node_red_integration\cn_watcher_node_red_to_ifttt.md,仅存在于backup,False,True,文件不存在,8518,docs文件夹中缺少此文件
zh-CN\Sensor\SenseCAP\SenseCAP_Watcher\Notifications\Http_Proxy_Application\node_red_integration\cn_watcher_node_red_to_kafka.md,仅存在于backup,False,True,文件不存在,10407,docs文件夹中缺少此文件
zh-CN\Sensor\SenseCAP\SenseCAP_Watcher\Notifications\Http_Proxy_Application\node_red_integration\cn_watcher_node_red_to_open_interpreter.md,仅存在于backup,False,True,文件不存在,9345,docs文件夹中缺少此文件
zh-CN\Sensor\SenseCAP\SenseCAP_Watcher\Notifications\Http_Proxy_Application\node_red_integration\cn_watcher_node_red_to_p5js.md,仅存在于backup,False,True,文件不存在,6766,docs文件夹中缺少此文件
zh-CN\Sensor\SenseCAP\SenseCAP_Watcher\Notifications\Http_Proxy_Application\node_red_integration\cn_watcher_node_red_to_telegram.md,仅存在于backup,False,True,文件不存在,8210,docs文件夹中缺少此文件
zh-CN\Sensor\SenseCAP\SenseCAP_Watcher\Notifications\Http_Proxy_Application\node_red_integration\cn_watcher_node_red_to_twilio.md,仅存在于backup,False,True,文件不存在,9090,docs文件夹中缺少此文件
zh-CN\Sensor\SenseCAP\SenseCAP_Watcher\Notifications\Http_Proxy_Application\node_red_integration\cn_watcher_to_discord.md,仅存在于backup,False,True,文件不存在,18157,docs文件夹中缺少此文件
zh-CN\Sensor\SenseCAP\SenseCAP_Watcher\Notifications\Http_Proxy_Application\node_red_integration\cn_watcher_to_mongodb.md,仅存在于backup,False,True,文件不存在,12778,docs文件夹中缺少此文件
zh-CN\Sensor\SenseCAP\SenseCAP_Watcher\Notifications\Http_Proxy_Application\node_red_integration\cn_watcher_to_whatsapp.md,仅存在于backup,False,True,文件不存在,10264,docs文件夹中缺少此文件
zh-CN\Sensor\SenseCAP\SenseCAP_Watcher\Notifications\Http_Proxy_Application\smart_home\cn_integrate_watcher_to_ha.md,仅存在于backup,False,True,文件不存在,14373,docs文件夹中缺少此文件
zh-CN\Sensor\SenseCAP\SenseCAP_Watcher\Notifications\cn_watcher_uart_output.md,仅存在于backup,False,True,文件不存在,32477,docs文件夹中缺少此文件
zh-CN\Sensor\SenseCAP\SenseCAP_Watcher\Product_Overview\cn_sensecap_watcher_tasks.md,仅存在于backup,False,True,文件不存在,28476,docs文件夹中缺少此文件
zh-CN\Sensor\SenseCAP\SenseCAP_Watcher\Product_Overview\cn_watcher_hardware_overview.md,仅存在于backup,False,True,文件不存在,16179,docs文件夹中缺少此文件
zh-CN\Sensor\SenseCAP\SenseCAP_Watcher\Product_Overview\cn_watcher_operation_guideline.md,仅存在于backup,False,True,文件不存在,13541,docs文件夹中缺少此文件
zh-CN\Sensor\SenseCAP\SenseCAP_Watcher\Software_Framework_Overview\cn_sensecap_app_introduction.md,仅存在于backup,False,True,文件不存在,20047,docs文件夹中缺少此文件
zh-CN\Sensor\SenseCAP\SenseCAP_Watcher\Software_Framework_Overview\cn_sensecap_watcher_local_deploy.md,仅存在于backup,False,True,文件不存在,18647,docs文件夹中缺少此文件
zh-CN\Sensor\SenseCAP\SenseCAP_Watcher\Software_Framework_Overview\cn_sensecap_watcher_software_service_framework.md,仅存在于backup,False,True,文件不存在,13460,docs文件夹中缺少此文件
zh-CN\Sensor\SenseCAP\SenseCAP_Watcher\cn_sensecap_watcher_getting_started.md,仅存在于backup,False,True,文件不存在,17702,docs文件夹中缺少此文件
zh-CN\Sensor\SenseCAP\SenseCAP_Watcher\cn_sensecap_watcher_price.md,仅存在于backup,False,True,文件不存在,8253,docs文件夹中缺少此文件
zh-CN\Sensor\SenseCAP\SenseCAP_Watcher\cn_watcher_main_page.md,仅存在于backup,False,True,文件不存在,5690,docs文件夹中缺少此文件
zh-CN\Sensor\Wio_Terminal\Application\Easy_IoT\cn_Connect-Wio-Terminal-to-Google-Cloud-IoT-Core.md,仅存在于backup,False,True,文件不存在,30247,docs文件夹中缺少此文件
zh-CN\Sensor\Wio_Terminal\Application\Easy_IoT\cn_Connect-Wio-Terminal-to-Microsoft-Azure-IoT-Central.md,仅存在于backup,False,True,文件不存在,30040,docs文件夹中缺少此文件
zh-CN\Sensor\Wio_Terminal\Application\Easy_IoT\cn_CyberDeck_Wio-Terminal.md,仅存在于backup,False,True,文件不存在,10476,docs文件夹中缺少此文件
zh-CN\Sensor\Wio_Terminal\Application\Easy_IoT\cn_Get-Started-with-Wio-Terminal-and-Wappsto-IoT.md,仅存在于backup,False,True,文件不存在,20518,docs文件夹中缺少此文件
zh-CN\Sensor\Wio_Terminal\Application\Easy_IoT\cn_Wio-Terminal-Azure-IOT.md,仅存在于backup,False,True,文件不存在,2263,docs文件夹中缺少此文件
zh-CN\Sensor\Wio_Terminal\Application\Embedded_ML\Projects_based_Edge_Impulse\cn_Wio-Terminal-TinyML-EI-1.md,仅存在于backup,False,True,文件不存在,12216,docs文件夹中缺少此文件
zh-CN\Sensor\Wio_Terminal\Application\Embedded_ML\Projects_based_Edge_Impulse\cn_Wio-Terminal-TinyML-EI-2.md,仅存在于backup,False,True,文件不存在,17067,docs文件夹中缺少此文件
zh-CN\Sensor\Wio_Terminal\Application\Embedded_ML\Projects_based_Edge_Impulse\cn_Wio-Terminal-TinyML-EI-3.md,仅存在于backup,False,True,文件不存在,26713,docs文件夹中缺少此文件
zh-CN\Sensor\Wio_Terminal\Application\Embedded_ML\Projects_based_Edge_Impulse\cn_Wio-Terminal-TinyML-EI-4.md,仅存在于backup,False,True,文件不存在,19110,docs文件夹中缺少此文件
zh-CN\Sensor\Wio_Terminal\Application\Embedded_ML\Projects_based_Edge_Impulse\cn_Wio-Terminal-TinyML-EI-5.md,仅存在于backup,False,True,文件不存在,12260,docs文件夹中缺少此文件
zh-CN\Sensor\Wio_Terminal\Application\Embedded_ML\Projects_based_Edge_Impulse\cn_Wio-Terminal-TinyML-EI-6.md,仅存在于backup,False,True,文件不存在,13803,docs文件夹中缺少此文件
zh-CN\Sensor\Wio_Terminal\Application\Embedded_ML\Projects_based_TensorFlow_Lite\cn_Wio-Terminal-Gesture-Recognition.md,仅存在于backup,False,True,文件不存在,12481,docs文件夹中缺少此文件
zh-CN\Sensor\Wio_Terminal\Application\Embedded_ML\Projects_based_TensorFlow_Lite\cn_Wio-Terminal-TinyML-TFLM-1.md,仅存在于backup,False,True,文件不存在,3454,docs文件夹中缺少此文件
zh-CN\Sensor\Wio_Terminal\Application\Embedded_ML\Projects_based_TensorFlow_Lite\cn_Wio-Terminal-TinyML-TFLM-2.md,仅存在于backup,False,True,文件不存在,15406,docs文件夹中缺少此文件
zh-CN\Sensor\Wio_Terminal\Application\Embedded_ML\Projects_based_TensorFlow_Lite\cn_Wio-Terminal-TinyML-TFLM-3.md,仅存在于backup,False,True,文件不存在,14081,docs文件夹中缺少此文件
zh-CN\Sensor\Wio_Terminal\Application\Embedded_ML\cn_AIoTs_GPS_state_tester.md,仅存在于backup,False,True,文件不存在,11355,docs文件夹中缺少此文件
zh-CN\Sensor\Wio_Terminal\ArduPy\cn_ArduPy-LCD.md,仅存在于backup,False,True,文件不存在,8143,docs文件夹中缺少此文件
zh-CN\Sensor\Wio_Terminal\ArduPy\cn_ArduPy-Libraries.md,仅存在于backup,False,True,文件不存在,16296,docs文件夹中缺少此文件
zh-CN\Sensor\Wio_Terminal\ArduPy\cn_ArduPy.md,仅存在于backup,False,True,文件不存在,16178,docs文件夹中缺少此文件
zh-CN\Sensor\Wio_Terminal\Extension_Board-7\Audio_Extension_Board\cn_Wio-Terminal-Audio-GUI.md,仅存在于backup,False,True,文件不存在,5620,docs文件夹中缺少此文件
zh-CN\Sensor\Wio_Terminal\Extension_Board-7\Audio_Extension_Board\cn_Wio-Terminal-Audio-Overview.md,仅存在于backup,False,True,文件不存在,1920,docs文件夹中缺少此文件
zh-CN\Sensor\Wio_Terminal\Extension_Board-7\Audio_Extension_Board\cn_Wio-Terminal-Audio-Play-Record.md,仅存在于backup,False,True,文件不存在,25500,docs文件夹中缺少此文件
zh-CN\Sensor\Wio_Terminal\Extension_Board-7\cn_Wio-Terminal-Battery-Chassis.md,仅存在于backup,False,True,文件不存在,5306,docs文件夹中缺少此文件
zh-CN\Sensor\Wio_Terminal\Extension_Board-7\cn_Wio-Terminal-Chassis-Battery_650mAh.md,仅存在于backup,False,True,文件不存在,9917,docs文件夹中缺少此文件
zh-CN\Sensor\Wio_Terminal\Extension_Board-7\cn_Wio-Terminal-Ethernet.md,仅存在于backup,False,True,文件不存在,20493,docs文件夹中缺少此文件
zh-CN\Sensor\Wio_Terminal\Extension_Board-7\cn_Wio_Terminal_LoRaWan_Chassis_with_Antenna-built-in_LoRa-E5_and_GNSS_EU868_US915.md,仅存在于backup,False,True,文件不存在,22093,docs文件夹中缺少此文件
zh-CN\Sensor\Wio_Terminal\Hardware_Overview\Bluetooth\cn_BLE-ibeacon-using-Wio-terminal.md,仅存在于backup,False,True,文件不存在,8717,docs文件夹中缺少此文件
zh-CN\Sensor\Wio_Terminal\Hardware_Overview\Bluetooth\cn_Wio-Terminal-Bluetooth-Overview.md,仅存在于backup,False,True,文件不存在,2610,docs文件夹中缺少此文件
zh-CN\Sensor\Wio_Terminal\Hardware_Overview\Bluetooth\cn_Wio-Terminal-Web-Bluetooth.md,仅存在于backup,False,True,文件不存在,13281,docs文件夹中缺少此文件
zh-CN\Sensor\Wio_Terminal\Hardware_Overview\Bluetooth\cn_Wio-terminal-BLE-introduction.md,仅存在于backup,False,True,文件不存在,21544,docs文件夹中缺少此文件
zh-CN\Sensor\Wio_Terminal\Hardware_Overview\Buttons\cn_Wio-Terminal-Buttons.md,仅存在于backup,False,True,文件不存在,1184,docs文件夹中缺少此文件
zh-CN\Sensor\Wio_Terminal\Hardware_Overview\Buzzer\cn_Wio-Terminal-Buzzer.md,仅存在于backup,False,True,文件不存在,2282,docs文件夹中缺少此文件
zh-CN\Sensor\Wio_Terminal\Hardware_Overview\IMU\cn_Wio-Terminal-IMU-Basic.md,仅存在于backup,False,True,文件不存在,2376,docs文件夹中缺少此文件
zh-CN\Sensor\Wio_Terminal\Hardware_Overview\IMU\cn_Wio-Terminal-IMU-Overview.md,仅存在于backup,False,True,文件不存在,1024,docs文件夹中缺少此文件
zh-CN\Sensor\Wio_Terminal\Hardware_Overview\IMU\cn_Wio-Terminal-IMU-Tapping.md,仅存在于backup,False,True,文件不存在,2289,docs文件夹中缺少此文件
zh-CN\Sensor\Wio_Terminal\Hardware_Overview\Infrared_Emitter\cn_Wio-Terminal-Infrared-Emitter.md,仅存在于backup,False,True,文件不存在,2951,docs文件夹中缺少此文件
zh-CN\Sensor\Wio_Terminal\Hardware_Overview\Input&Output\cn_Wio-Terminal-Grove.md,仅存在于backup,False,True,文件不存在,12133,docs文件夹中缺少此文件
zh-CN\Sensor\Wio_Terminal\Hardware_Overview\Input&Output\cn_Wio-Terminal-IO-Analog.md,仅存在于backup,False,True,文件不存在,1845,docs文件夹中缺少此文件
zh-CN\Sensor\Wio_Terminal\Hardware_Overview\Input&Output\cn_Wio-Terminal-IO-Digital.md,仅存在于backup,False,True,文件不存在,3214,docs文件夹中缺少此文件
zh-CN\Sensor\Wio_Terminal\Hardware_Overview\Input&Output\cn_Wio-Terminal-IO-I2C.md,仅存在于backup,False,True,文件不存在,2174,docs文件夹中缺少此文件
zh-CN\Sensor\Wio_Terminal\Hardware_Overview\Input&Output\cn_Wio-Terminal-IO-Overview.md,仅存在于backup,False,True,文件不存在,1974,docs文件夹中缺少此文件
zh-CN\Sensor\Wio_Terminal\Hardware_Overview\Input&Output\cn_Wio-Terminal-IO-SPI.md,仅存在于backup,False,True,文件不存在,1565,docs文件夹中缺少此文件
zh-CN\Sensor\Wio_Terminal\Hardware_Overview\LCD_Usage\cn_Wio-Terminal-LCD-APIs.md,仅存在于backup,False,True,文件不存在,2942,docs文件夹中缺少此文件
zh-CN\Sensor\Wio_Terminal\Hardware_Overview\LCD_Usage\cn_Wio-Terminal-LCD-Anti-aliased-Fonts.md,仅存在于backup,False,True,文件不存在,5813,docs文件夹中缺少此文件
zh-CN\Sensor\Wio_Terminal\Hardware_Overview\LCD_Usage\cn_Wio-Terminal-LCD-Basic.md,仅存在于backup,False,True,文件不存在,5556,docs文件夹中缺少此文件
zh-CN\Sensor\Wio_Terminal\Hardware_Overview\LCD_Usage\cn_Wio-Terminal-LCD-Fonts.md,仅存在于backup,False,True,文件不存在,3514,docs文件夹中缺少此文件
zh-CN\Sensor\Wio_Terminal\Hardware_Overview\LCD_Usage\cn_Wio-Terminal-LCD-Graphics.md,仅存在于backup,False,True,文件不存在,8300,docs文件夹中缺少此文件
zh-CN\Sensor\Wio_Terminal\Hardware_Overview\LCD_Usage\cn_Wio-Terminal-LCD-Histogram.md,仅存在于backup,False,True,文件不存在,4462,docs文件夹中缺少此文件
zh-CN\Sensor\Wio_Terminal\Hardware_Overview\LCD_Usage\cn_Wio-Terminal-LCD-Linecharts.md,仅存在于backup,False,True,文件不存在,7012,docs文件夹中缺少此文件
zh-CN\Sensor\Wio_Terminal\Hardware_Overview\LCD_Usage\cn_Wio-Terminal-LCD-Loading-Image.md,仅存在于backup,False,True,文件不存在,5865,docs文件夹中缺少此文件
zh-CN\Sensor\Wio_Terminal\Hardware_Overview\LCD_Usage\cn_Wio-Terminal-LCD-Overview.md,仅存在于backup,False,True,文件不存在,2288,docs文件夹中缺少此文件
zh-CN\Sensor\Wio_Terminal\Hardware_Overview\LCD_Usage\cn_Wio-Terminal-LVGL.md,仅存在于backup,False,True,文件不存在,3275,docs文件夹中缺少此文件
zh-CN\Sensor\Wio_Terminal\Hardware_Overview\Light_Sensor\cn_Wio-Terminal-Light.md,仅存在于backup,False,True,文件不存在,919,docs文件夹中缺少此文件
zh-CN\Sensor\Wio_Terminal\Hardware_Overview\Microphone\cn_Wio-Terminal-Mic.md,仅存在于backup,False,True,文件不存在,3019,docs文件夹中缺少此文件
zh-CN\Sensor\Wio_Terminal\Hardware_Overview\RTC\cn_Wio-Terminal-RTC.md,仅存在于backup,False,True,文件不存在,10612,docs文件夹中缺少此文件
zh-CN\Sensor\Wio_Terminal\Hardware_Overview\SD_Card\cn_Wio-Terminal-FS-Overview.md,仅存在于backup,False,True,文件不存在,1410,docs文件夹中缺少此文件
zh-CN\Sensor\Wio_Terminal\Hardware_Overview\SD_Card\cn_Wio-Terminal-FS-ReadWrite.md,仅存在于backup,False,True,文件不存在,7767,docs文件夹中缺少此文件
zh-CN\Sensor\Wio_Terminal\Hardware_Overview\Wi-Fi\cn_Wio-Terminal-Advanced-Wi-Fi.md,仅存在于backup,False,True,文件不存在,26440,docs文件夹中缺少此文件
zh-CN\Sensor\Wio_Terminal\Hardware_Overview\Wi-Fi\cn_Wio-Terminal-Network-Overview.md,仅存在于backup,False,True,文件不存在,8944,docs文件夹中缺少此文件
zh-CN\Sensor\Wio_Terminal\Hardware_Overview\Wi-Fi\cn_Wio-Terminal-Wi-Fi.md,仅存在于backup,False,True,文件不存在,38776,docs文件夹中缺少此文件
zh-CN\Sensor\Wio_Terminal\Hardware_Overview\five_Way_Switch\cn_Wio-Terminal-Switch.md,仅存在于backup,False,True,文件不存在,1324,docs文件夹中缺少此文件
zh-CN\Sensor\Wio_Terminal\Kit_with_Courses\cn_Introduction_to_Artificial_Intelligence_for_Makers.md,仅存在于backup,False,True,文件不存在,15165,docs文件夹中缺少此文件
zh-CN\Sensor\Wio_Terminal\Kit_with_Courses\cn_Wio-Terminal-TinyML-Kit-Course.md,仅存在于backup,False,True,文件不存在,101650,docs文件夹中缺少此文件
zh-CN\Sensor\Wio_Terminal\Kit_with_Courses\cn_Wio-Terminal-TinyML.md,仅存在于backup,False,True,文件不存在,6738,docs文件夹中缺少此文件
zh-CN\Sensor\Wio_Terminal\Tutorial\Blynk_for_Wio_Terminal\cn_Blynk-wireless-OTA-functionality-to-Wio-Terminal.md,仅存在于backup,False,True,文件不存在,7183,docs文件夹中缺少此文件
zh-CN\Sensor\Wio_Terminal\Tutorial\Blynk_for_Wio_Terminal\cn_Wio-Terminal-Blynk.md,仅存在于backup,False,True,文件不存在,10940,docs文件夹中缺少此文件
zh-CN\Sensor\Wio_Terminal\Tutorial\Wio_Terminal_USB_Client\cn_Wio-Terminal-DAPLink.md,仅存在于backup,False,True,文件不存在,2408,docs文件夹中缺少此文件
zh-CN\Sensor\Wio_Terminal\Tutorial\Wio_Terminal_USB_Client\cn_Wio-Terminal-HMI-Usermode-SDK.md,仅存在于backup,False,True,文件不存在,6735,docs文件夹中缺少此文件
zh-CN\Sensor\Wio_Terminal\Tutorial\Wio_Terminal_USB_Client\cn_Wio-Terminal-Reading-Raspberry-Pi.md,仅存在于backup,False,True,文件不存在,5632,docs文件夹中缺少此文件
zh-CN\Sensor\Wio_Terminal\Tutorial\Wio_Terminal_USB_Client\cn_Wio-Terminal-USBCLIENT-Keyboard.md,仅存在于backup,False,True,文件不存在,1793,docs文件夹中缺少此文件
zh-CN\Sensor\Wio_Terminal\Tutorial\Wio_Terminal_USB_Client\cn_Wio-Terminal-USBCLIENT-MIDI.md,仅存在于backup,False,True,文件不存在,4014,docs文件夹中缺少此文件
zh-CN\Sensor\Wio_Terminal\Tutorial\Wio_Terminal_USB_Client\cn_Wio-Terminal-USBCLIENT-Mouse.md,仅存在于backup,False,True,文件不存在,7598,docs文件夹中缺少此文件
zh-CN\Sensor\Wio_Terminal\Tutorial\Wio_Terminal_USB_Client\cn_Wio-Terminal-USBCLIENT-Overview.md,仅存在于backup,False,True,文件不存在,1170,docs文件夹中缺少此文件
zh-CN\Sensor\Wio_Terminal\Tutorial\Wio_Terminal_USB_Host\cn_Wio-Terminal-USBH-Keyboard.md,仅存在于backup,False,True,文件不存在,5889,docs文件夹中缺少此文件
zh-CN\Sensor\Wio_Terminal\Tutorial\Wio_Terminal_USB_Host\cn_Wio-Terminal-USBH-Mouse.md,仅存在于backup,False,True,文件不存在,6173,docs文件夹中缺少此文件
zh-CN\Sensor\Wio_Terminal\Tutorial\Wio_Terminal_USB_Host\cn_Wio-Terminal-USBH-Overview.md,仅存在于backup,False,True,文件不存在,1442,docs文件夹中缺少此文件
zh-CN\Sensor\Wio_Terminal\Tutorial\Wio_Terminal_USB_Host\cn_Wio-Terminal-USBH-Xbox.md,仅存在于backup,False,True,文件不存在,7517,docs文件夹中缺少此文件
zh-CN\Sensor\Wio_Terminal\Tutorial\cn_Azure_IoT_CC.md,仅存在于backup,False,True,文件不存在,4312,docs文件夹中缺少此文件
zh-CN\Sensor\Wio_Terminal\Tutorial\cn_Barometric-Pressure-sensor-using-the-Wio-terminal.md,仅存在于backup,False,True,文件不存在,10897,docs文件夹中缺少此文件
zh-CN\Sensor\Wio_Terminal\Tutorial\cn_Edge-Impulse-Tuner.md,仅存在于backup,False,True,文件不存在,8979,docs文件夹中缺少此文件
zh-CN\Sensor\Wio_Terminal\Tutorial\cn_Getting_started_wizard.md,仅存在于backup,False,True,文件不存在,6969,docs文件夹中缺少此文件
zh-CN\Sensor\Wio_Terminal\Tutorial\cn_Wio-Terminal-8720-dev.md,仅存在于backup,False,True,文件不存在,5695,docs文件夹中缺少此文件
zh-CN\Sensor\Wio_Terminal\Tutorial\cn_Wio-Terminal-Displaying-Gyro.md,仅存在于backup,False,True,文件不存在,6979,docs文件夹中缺少此文件
zh-CN\Sensor\Wio_Terminal\Tutorial\cn_Wio-Terminal-Displaying-Photos.md,仅存在于backup,False,True,文件不存在,4416,docs文件夹中缺少此文件
zh-CN\Sensor\Wio_Terminal\Tutorial\cn_Wio-Terminal-Firmware.md,仅存在于backup,False,True,文件不存在,2747,docs文件夹中缺少此文件
zh-CN\Sensor\Wio_Terminal\Tutorial\cn_Wio-Terminal-HMI.md,仅存在于backup,False,True,文件不存在,14626,docs文件夹中缺少此文件
zh-CN\Sensor\Wio_Terminal\Tutorial\cn_Wio-Terminal-Interactive-Face.md,仅存在于backup,False,True,文件不存在,3372,docs文件夹中缺少此文件
zh-CN\Sensor\Wio_Terminal\Tutorial\cn_Wio-Terminal-Reading-COVID19.md,仅存在于backup,False,True,文件不存在,9345,docs文件夹中缺少此文件
zh-CN\Sensor\Wio_Terminal\Tutorial\cn_Wio-Terminal-Reading-Github.md,仅存在于backup,False,True,文件不存在,11758,docs文件夹中缺少此文件
zh-CN\Sensor\Wio_Terminal\Tutorial\cn_Wio-Terminal-Sound-Meter.md,仅存在于backup,False,True,文件不存在,28042,docs文件夹中缺少此文件
zh-CN\Sensor\Wio_Terminal\Tutorial\cn_Wio-Terminal-Storting-Analog-Data.md,仅存在于backup,False,True,文件不存在,6953,docs文件夹中缺少此文件
zh-CN\Sensor\Wio_Terminal\Tutorial\cn_Wio-Terminal-Thermal-Camera.md,仅存在于backup,False,True,文件不存在,12574,docs文件夹中缺少此文件
zh-CN\Sensor\Wio_Terminal\cn_Software-FreeRTOS.md,仅存在于backup,False,True,文件不存在,15151,docs文件夹中缺少此文件
zh-CN\Sensor\Wio_Terminal\cn_Wio-Terminal-CircuitPython.md,仅存在于backup,False,True,文件不存在,4472,docs文件夹中缺少此文件
zh-CN\Sensor\Wio_Terminal\cn_Wio-Terminal-Getting-Started.md,仅存在于backup,False,True,文件不存在,29435,docs文件夹中缺少此文件
zh-CN\Sensor\Wio_Terminal\cn_Wio_Terminal_Intro.md,仅存在于backup,False,True,文件不存在,11755,docs文件夹中缺少此文件
zh-CN\Sensor\Wio_Terminal\cn_wio_terminal_faq.md,仅存在于backup,False,True,文件不存在,1101,docs文件夹中缺少此文件
zh-CN\TinyML\ModelAssistant\Deploy\cn_ma_deploy_yolov5.md,仅存在于backup,False,True,文件不存在,4995,docs文件夹中缺少此文件
zh-CN\TinyML\ModelAssistant\Deploy\cn_ma_deploy_yolov8.md,仅存在于backup,False,True,文件不存在,5728,docs文件夹中缺少此文件
zh-CN\TinyML\ModelAssistant\Deploy\cn_ma_deploy_yolov8_pose.md,仅存在于backup,False,True,文件不存在,11742,docs文件夹中缺少此文件
zh-CN\Top_Brand\Arduino\cn_Grove-Beginner-Kit-For-Arduino.md,仅存在于backup,False,True,文件不存在,63364,docs文件夹中缺少此文件
zh-CN\Top_Brand\Raspberry_Pi\cn_Grove_Base_Hat_for_Raspberry_Pi.md,仅存在于backup,False,True,文件不存在,20071,docs文件夹中缺少此文件
